technology_description,weighted_avg_installation_year
Coal,1980.558065746497
Geothermal,2006.9999999999998
Natural Gas Fired CC,2007.9510039014694
Natural Gas Fired CT,2001.0168057365731
Nuclear,1982.6097934638012
Onshore Wind Turbine,2016.432051168946
Other,1985.7854319353776
Other Natural Gas,1977.3687615730664
Solar Photovoltaic,2020.7075138761074
